{"cameraMode":{"drawMode":0,"name":"Shaded","section":"Shading Mode"},"sceneLighting":true,"audioPlay":false,"sceneViewState":{"m_AlwaysRefresh":false,"showFog":true,"showSkybox":true,"showFlares":true,"showImageEffects":true,"showParticleSystems":true,"showVisualEffectGraphs":true,"m_FxEnabled":true},"in2DMode":false,"pivot":{"x":-0.38808178901672366,"y":1.239861011505127,"z":0.4150662422180176},"rotation":{"x":-0.16907602548599244,"y":0.4576985836029053,"z":-0.08912383764982224,"w":-0.8683266043663025},"size":5.143324375152588,"orthographic":true}